map_name,round,result,remaining_time,duration_seconds,player_count,timestamp_utc
mp_custom_map_74,1,team1,1078,122,1,
mp_custom_map_1,2,team2,1163,37,1,
mp_custom_map_1,3,team2,926,274,3,
mp_custom_map_17,1,team1,1016,184,5,
mp_custom_map_17,2,team1,907,293,8,
mp_custom_map_6,1,team1,661,539,6,
mp_custom_map_6,2,team1,938,262,6,
mp_custom_map_11,1,team2,830,370,11,
mp_custom_map_11,2,team1,679,521,8,
mp_custom_map_11,3,team2,858,342,8,
mp_custom_map_10,1,team1,515,685,12,
mp_custom_map_10,2,team1,712,488,11,
mp_custom_map_91,1,team2,990,210,7,
mp_custom_map_91,2,team2,881,319,6,
mp_custom_map_34,1,team2,990,210,4,
mp_custom_map_34,2,team1,841,359,4,
mp_custom_map_34,3,team2,815,385,5,
mp_custom_map_29,1,team2,1053,147,5,
mp_custom_map_29,2,team1,901,299,7,
mp_custom_map_29,3,team1,826,374,7,
mp_custom_map_71,1,team2,841,359,7,
mp_custom_map_71,2,team1,659,541,7,
mp_custom_map_71,3,team1,1178,22,6,
mp_custom_map_27,1,team1,1153,47,3,
mp_custom_map_27,2,team1,1081,119,3,
mp_custom_map_77,1,team2,1051,149,3,
mp_custom_map_77,2,team1,1188,12,3,
mp_custom_map_77,3,team2,1076,124,3,
mp_custom_map_30,1,team1,306,894,6,
mp_custom_map_30,2,team1,863,337,4,
mp_custom_map_19,1,team1,894,306,4,
mp_custom_map_19,2,team2,728,472,4,
mp_custom_map_19,3,team2,647,553,7,
mp_custom_map_9,1,team1,758,442,7,
mp_custom_map_9,2,team1,808,392,9,
mp_custom_map_37,1,team2,440,760,8,
mp_custom_map_37,2,team2,401,799,12,
mp_custom_map_31,1,team2,605,595,10,
mp_custom_map_31,2,team1,875,325,10,
mp_custom_map_31,3,team2,757,443,11,
mp_custom_map_32,1,team2,704,496,10,
mp_custom_map_32,2,team2,730,470,12,
mp_custom_map_33,1,team1,735,465,10,
mp_custom_map_33,2,team2,503,697,8,
mp_custom_map_33,3,team2,812,388,7,
mp_custom_map_4,1,team1,1008,192,4,
mp_custom_map_4,2,team1,734,466,3,
mp_custom_map_14,1,team2,940,260,3,
mp_custom_map_14,2,team1,956,244,4,
mp_custom_map_14,3,team1,958,242,5,
mp_custom_map_23,1,team2,718,482,6,
mp_custom_map_23,2,team2,528,672,7,
mp_custom_map_5,1,team2,816,384,9,
mp_custom_map_5,2,team1,561,639,10,
mp_custom_map_5,3,team1,572,628,10,
mp_custom_map_25,1,team2,761,439,8,
mp_custom_map_25,2,team2,844,356,9,
mp_custom_map_94,1,team1,635,565,13,
mp_custom_map_94,2,team1,781,419,14,
mp_custom_map_35,1,team2,560,640,12,
mp_custom_map_35,2,team1,755,445,15,
mp_custom_map_35,3,team2,748,452,14,
mp_custom_map_40,1,team2,608,592,15,
mp_custom_map_40,2,team2,537,663,16,
mp_custom_map_99,1,team1,728,472,15,
mp_custom_map_99,2,team1,462,738,15,
mp_custom_map_46,1,team1,666,534,14,
mp_custom_map_46,2,team2,558,642,16,
mp_custom_map_46,3,team2,422,778,17,
mp_custom_map_20,1,team2,693,507,14,
mp_custom_map_20,2,team2,512,688,16,
mp_custom_map_24,1,team1,637,563,17,
mp_custom_map_24,2,team1,431,769,18,
mp_custom_map_15,1,team2,629,571,17,
mp_custom_map_15,2,draw,0,1200,17,
mp_custom_map_65,1,team1,395,805,19,
mp_custom_map_65,2,team1,231,969,15,
mp_custom_map_28,1,team2,747,453,16,
mp_custom_map_28,2,team1,473,727,15,
mp_custom_map_28,3,team2,302,898,21,
mp_custom_map_2,1,team2,688,512,14,
mp_custom_map_2,2,team2,781,419,15,
mp_custom_map_26,1,team2,476,724,12,
mp_custom_map_26,2,team2,499,701,13,
mp_custom_map_16,1,team2,655,545,12,
mp_custom_map_16,2,team1,609,591,12,
mp_custom_map_16,3,team2,877,323,13,
mp_custom_map_87,1,team2,813,387,8,
mp_custom_map_87,2,team2,726,474,8,
mp_custom_map_47,1,team2,742,458,6,
mp_custom_map_47,2,team2,789,411,5,
mp_custom_map_18,1,team2,899,301,4,
mp_custom_map_18,2,team1,940,260,4,
mp_custom_map_18,3,team1,787,413,3,
mp_custom_map_21,1,team1,1042,158,2,
mp_custom_map_21,2,team2,1086,114,2,
mp_custom_map_21,3,team1,552,648,2,
mp_custom_map_36,1,team1,926,274,2,
mp_custom_map_36,2,team1,908,292,2,
mp_custom_map_3,1,team1,809,391,2,
mp_custom_map_3,2,team1,803,397,1,
mp_custom_map_97,1,team2,1054,146,2,
mp_custom_map_97,2,team2,939,261,3,
mp_custom_map_7,1,team1,1175,25,2,
mp_custom_map_7,2,team1,1195,5,1,
mp_custom_map_53,1,team1,949,251,1,
mp_custom_map_53,2,team2,964,236,1,
mp_custom_map_53,3,team2,1194,6,1,
mp_custom_map_12,1,team1,924,276,1,
mp_custom_map_12,2,team2,1150,50,1,
mp_custom_map_12,3,team2,998,202,1,
mp_custom_map_22,1,team2,4,1196,3,
mp_custom_map_22,2,team2,1012,188,3,
mp_custom_map_1,1,team1,990,210,2,
mp_custom_map_1,2,team1,821,379,2,
mp_custom_map_17,1,team2,776,424,3,
mp_custom_map_17,2,team2,614,586,6,
mp_custom_map_6,1,team2,859,341,6,
mp_custom_map_6,2,team2,502,698,5,
mp_custom_map_11,1,team1,283,917,8,
mp_custom_map_11,2,team1,120,1080,7,
mp_custom_map_10,1,team2,539,661,7,
mp_custom_map_10,2,draw,0,1200,8,
mp_custom_map_91,1,team2,613,587,5,
mp_custom_map_91,2,team2,1043,157,3,
mp_custom_map_34,1,team2,963,237,3,
mp_custom_map_34,2,team1,1018,182,3,
mp_custom_map_34,3,team2,1022,178,3,
mp_custom_map_29,1,team2,584,616,3,
mp_custom_map_29,2,team2,985,215,3,
mp_custom_map_19,1,team2,736,464,7,
mp_custom_map_19,2,team2,581,619,5,
mp_custom_map_97,1,team2,643,557,5,
mp_custom_map_97,2,team2,603,597,4,
mp_custom_map_15,1,team2,1000,200,7,
mp_custom_map_15,2,team1,627,573,10,
mp_custom_map_15,3,team2,836,364,10,
mp_custom_map_91,1,team2,937,263,11,
mp_custom_map_91,2,team2,693,507,11,
mp_custom_map_30,1,team2,630,570,10,
mp_custom_map_30,2,team2,760,440,7,
mp_custom_map_14,1,team2,672,528,13,
mp_custom_map_14,2,team2,339,861,14,
mp_custom_map_11,1,team2,597,603,12,
mp_custom_map_11,2,team1,515,685,12,
mp_custom_map_11,3,team1,571,629,11,
mp_custom_map_65,1,draw,0,1200,10,
mp_custom_map_65,2,team2,516,684,12,
mp_custom_map_25,1,team2,664,536,11,
mp_custom_map_25,2,team1,616,584,14,
mp_custom_map_25,3,team1,726,474,9,
mp_custom_map_17,1,team1,607,593,11,
mp_custom_map_17,2,team1,562,638,12,
mp_custom_map_35,1,team1,686,514,10,
mp_custom_map_35,2,team1,558,642,9,
mp_custom_map_36,1,team1,993,207,6,
mp_custom_map_36,2,team2,676,524,11,
mp_custom_map_36,3,team1,433,767,15,
mp_custom_map_87,1,team1,649,551,15,
mp_custom_map_87,2,team1,358,842,16,
mp_custom_map_7,1,team1,690,510,17,
mp_custom_map_7,2,team2,669,531,17,
mp_custom_map_7,3,team2,546,654,18,
mp_custom_map_99,1,team1,463,737,23,
mp_custom_map_99,2,team1,679,521,22,
mp_custom_map_33,1,team1,236,964,19,
mp_custom_map_33,2,team2,295,905,20,
mp_custom_map_33,3,team2,151,1049,21,
mp_custom_map_23,1,team2,561,639,13,
mp_custom_map_23,2,team2,126,1074,13,
mp_custom_map_10,1,team2,613,587,14,
mp_custom_map_10,2,team2,578,622,16,
mp_custom_map_94,1,team1,110,1090,20,
mp_custom_map_94,2,draw,0,1200,20,
mp_custom_map_46,1,team1,179,1021,16,
mp_custom_map_46,2,team2,329,871,18,
mp_custom_map_46,3,team2,567,633,15,
mp_custom_map_22,1,team2,607,593,14,
mp_custom_map_22,2,team1,145,1055,16,
mp_custom_map_22,3,team2,511,689,19,
mp_custom_map_34,1,team2,320,880,17,
mp_custom_map_34,2,team1,290,910,18,
mp_custom_map_34,3,team2,635,565,16,
mp_custom_map_24,1,team2,179,1021,18,
mp_custom_map_24,2,team2,399,801,23,
mp_custom_map_71,1,team2,109,1091,18,
mp_custom_map_71,2,team2,448,752,15,
mp_custom_map_37,1,team1,594,606,16,
mp_custom_map_37,2,team2,455,745,17,
mp_custom_map_37,3,team2,388,812,18,
mp_custom_map_26,1,team2,687,513,18,
mp_custom_map_26,2,team2,819,381,17,
mp_custom_map_28,1,team2,638,562,14,
mp_custom_map_28,2,team1,675,525,14,
mp_custom_map_28,3,team1,589,611,13,
mp_custom_map_18,1,team1,739,461,9,
mp_custom_map_18,2,team1,462,738,6,
mp_custom_map_77,1,team2,794,406,3,
mp_custom_map_77,2,team1,938,262,2,
mp_custom_map_77,3,team1,958,242,1,
mp_custom_map_1,1,team1,1158,42,1,2026-09-27T02:35:46Z
mp_custom_map_6,1,draw,1032,168,0,2026-09-27T06:03:51Z
mp_custom_map_6,2,team2,1089,111,1,2026-09-27T09:33:47Z
mp_custom_map_36,1,draw,977,223,0,2026-09-27T09:39:30Z
mp_custom_map_36,2,team1,816,384,1,2026-09-27T09:47:48Z
mp_custom_map_33,1,draw,905,295,0,2026-09-27T09:54:44Z
mp_custom_map_33,2,team2,620,580,3,2026-09-27T10:23:14Z
mp_custom_map_26,1,team1,935,265,3,2026-09-27T10:28:29Z
mp_custom_map_26,2,team2,984,216,3,2026-09-27T10:32:11Z
mp_custom_map_26,3,team2,967,233,2,2026-09-27T10:36:09Z
mp_custom_map_19,1,team1,985,215,2,2026-09-27T10:40:31Z
mp_custom_map_19,2,team2,1063,137,3,2026-09-27T10:42:54Z
mp_custom_map_19,3,team2,946,254,4,2026-09-27T10:47:13Z
mp_custom_map_94,1,team2,948,252,6,2026-09-27T10:52:11Z
mp_custom_map_94,2,team1,606,594,6,2026-09-27T11:02:10Z
mp_custom_map_94,3,team1,720,480,6,2026-09-27T11:10:16Z
mp_custom_map_99,1,team2,927,273,5,2026-09-27T11:15:36Z
mp_custom_map_99,2,team1,951,249,6,2026-09-27T11:19:51Z
mp_custom_map_99,3,team1,590,610,7,2026-09-27T11:30:06Z
mp_custom_map_30,1,team2,840,360,7,2026-09-27T11:36:53Z
mp_custom_map_30,2,team2,625,575,7,2026-09-27T11:46:35Z
mp_custom_map_28,1,team1,819,381,7,2026-09-27T11:53:45Z
mp_custom_map_28,2,team1,666,534,10,2026-09-27T12:02:44Z
mp_custom_map_12,1,team2,408,792,9,2026-09-27T12:16:44Z
mp_custom_map_12,2,team2,391,809,9,2026-09-27T12:30:18Z
mp_custom_map_71,1,team2,315,885,10,2026-09-27T12:45:51Z
mp_custom_map_71,2,team1,184,1016,11,2026-09-27T13:02:54Z
mp_custom_map_71,3,team1,457,743,11,2026-09-27T13:15:22Z
mp_custom_map_22,1,team2,251,949,11,2026-09-27T13:31:58Z
mp_custom_map_22,2,team2,756,444,12,2026-09-27T13:39:27Z
mp_custom_map_34,1,team2,637,563,14,2026-09-27T13:49:37Z
mp_custom_map_34,2,team2,376,824,16,2026-09-27T14:03:28Z
mp_custom_map_7,1,team2,606,594,15,2026-09-27T14:14:09Z
mp_custom_map_7,2,team2,532,668,15,2026-09-27T14:25:26Z
mp_custom_map_11,1,team2,660,540,18,2026-09-27T14:35:12Z
mp_custom_map_11,2,team2,533,667,18,2026-09-27T14:46:31Z
mp_custom_map_91,1,team2,577,623,19,2026-09-27T14:57:41Z
mp_custom_map_91,2,team2,653,547,14,2026-09-27T15:06:56Z
mp_custom_map_25,1,team2,770,430,15,2026-09-27T15:14:51Z
mp_custom_map_25,2,team2,641,559,11,2026-09-27T15:24:21Z
mp_custom_map_14,1,team2,663,537,10,2026-09-27T15:34:03Z
mp_custom_map_14,2,team2,748,452,11,2026-09-27T15:41:40Z
mp_custom_map_31,1,team2,382,818,12,2026-09-27T15:56:05Z
mp_custom_map_31,2,team2,381,819,13,2026-09-27T16:09:49Z
mp_custom_map_97,1,draw,0,1200,16,2026-09-27T16:30:38Z
mp_custom_map_97,2,team2,278,922,19,2026-09-27T16:46:07Z
mp_custom_map_65,1,draw,0,1200,17,2026-09-27T17:06:59Z
mp_custom_map_65,2,team2,268,932,24,2026-09-27T17:22:44Z
mp_custom_map_10,1,team1,578,622,17,2026-09-27T17:34:01Z
mp_custom_map_10,2,team1,580,620,15,2026-09-27T17:44:27Z
mp_custom_map_24,1,team2,716,484,15,2026-09-27T17:53:17Z
mp_custom_map_24,2,team2,319,881,15,2026-09-27T18:08:09Z
mp_custom_map_15,1,team1,770,430,16,2026-09-27T18:16:08Z
mp_custom_map_15,2,team1,581,619,18,2026-09-27T18:26:35Z
mp_custom_map_16,1,team1,686,514,16,2026-09-27T18:35:59Z
mp_custom_map_16,2,team1,695,505,19,2026-09-27T18:44:33Z
mp_custom_map_87,1,team1,248,952,30,2026-09-27T19:01:17Z
mp_custom_map_87,2,team2,575,625,28,2026-09-27T19:11:54Z
mp_custom_map_87,3,team2,549,651,29,2026-09-27T19:22:59Z
mp_custom_map_47,1,team1,497,703,21,2026-09-27T19:35:35Z
mp_custom_map_47,2,team1,642,558,25,2026-09-27T19:45:03Z
mp_custom_map_27,1,team1,369,831,30,2026-09-27T19:59:51Z
mp_custom_map_27,2,team1,302,898,27,2026-09-27T20:15:02Z
mp_custom_map_18,1,team2,550,650,28,2026-09-27T20:26:44Z
mp_custom_map_18,2,team1,609,591,27,2026-09-27T20:36:49Z
mp_custom_map_18,3,team1,565,635,30,2026-09-27T20:47:36Z
mp_custom_map_17,1,team1,593,607,29,2026-09-27T20:58:39Z
mp_custom_map_17,2,team2,362,838,24,2026-09-27T21:12:50Z
mp_custom_map_17,3,team1,566,634,25,2026-09-27T21:23:37Z
mp_custom_map_77,1,team1,550,650,19,2026-09-27T21:35:14Z
mp_custom_map_77,2,team1,339,861,17,2026-09-27T21:49:44Z
mp_custom_map_23,1,team2,406,794,16,2026-09-27T22:03:45Z
mp_custom_map_23,2,team2,327,873,14,2026-09-27T22:18:24Z
mp_custom_map_29,1,team1,543,657,10,2026-09-27T22:30:08Z
mp_custom_map_29,2,team2,879,321,8,2026-09-27T22:35:34Z
mp_custom_map_29,3,team1,931,269,3,2026-09-27T22:40:09Z
mp_custom_map_37,1,team2,972,228,1,2026-09-28T00:11:59Z
mp_custom_map_37,2,team2,1172,28,1,2026-09-28T08:50:16Z
mp_custom_map_46,1,team2,1137,63,1,2026-09-28T08:53:09Z
mp_custom_map_46,2,team1,995,205,1,2026-09-28T09:15:06Z
mp_custom_map_46,3,team2,918,282,1,2026-09-28T09:19:54Z
mp_custom_map_35,1,team2,970,230,2,2026-09-28T09:24:42Z
mp_custom_map_35,2,team1,1004,196,2,2026-09-28T09:28:04Z
mp_custom_map_35,3,team2,528,672,5,2026-09-28T09:47:26Z
mp_custom_map_6,1,team1,532,668,8,2026-09-28T09:59:19Z
mp_custom_map_6,2,team2,688,512,8,2026-09-28T10:07:57Z
mp_custom_map_6,3,team2,631,569,9,2026-09-28T10:17:33Z
mp_custom_map_36,1,team1,236,964,8,2026-09-28T10:34:28Z
mp_custom_map_36,2,team1,315,885,9,2026-09-28T10:49:18Z
mp_custom_map_33,1,team2,415,785,8,2026-09-28T11:03:08Z
mp_custom_map_33,2,team1,601,599,9,2026-09-28T11:13:13Z
mp_custom_map_33,3,team1,664,536,9,2026-09-28T11:22:15Z
mp_custom_map_26,1,team2,826,374,7,2026-09-28T11:29:16Z
mp_custom_map_26,2,team2,646,554,12,2026-09-28T11:38:34Z
mp_custom_map_19,1,team2,367,833,8,2026-09-28T11:53:14Z
mp_custom_map_19,2,team1,311,889,10,2026-09-28T12:08:09Z
mp_custom_map_19,3,team2,669,531,11,2026-09-28T12:17:06Z
mp_custom_map_94,1,team2,253,947,11,2026-09-28T12:33:37Z
mp_custom_map_94,2,team1,189,1011,15,2026-09-28T12:50:35Z
mp_custom_map_94,3,team1,241,959,12,2026-09-28T13:06:40Z
mp_custom_map_99,1,team2,683,517,9,2026-09-28T13:16:04Z
mp_custom_map_99,2,team2,638,562,10,2026-09-28T13:25:31Z
mp_custom_map_30,1,team2,510,690,13,2026-09-28T13:37:47Z
mp_custom_map_30,2,team2,430,770,15,2026-09-28T13:50:42Z
mp_custom_map_28,1,team1,625,575,20,2026-09-28T14:01:05Z
mp_custom_map_28,2,team1,315,885,23,2026-09-28T14:16:02Z
mp_custom_map_12,1,team1,564,636,22,2026-09-28T14:27:34Z
mp_custom_map_12,2,team1,555,645,22,2026-09-28T14:38:29Z
mp_custom_map_71,1,team2,424,776,17,2026-09-28T14:52:15Z
mp_custom_map_71,2,team2,538,662,17,2026-09-28T15:03:24Z
mp_custom_map_22,1,team1,428,772,19,2026-09-28T15:17:04Z
mp_custom_map_22,2,team2,513,687,20,2026-09-28T15:28:40Z
mp_custom_map_22,3,team1,467,733,12,2026-09-28T15:41:01Z
mp_custom_map_34,1,team2,626,574,9,2026-09-28T15:51:21Z
mp_custom_map_34,2,team2,402,798,10,2026-09-28T16:04:45Z
mp_custom_map_7,1,team1,780,420,6,2026-09-28T16:12:29Z
mp_custom_map_7,2,team1,812,388,9,2026-09-28T16:19:03Z
mp_custom_map_11,1,team1,211,989,8,2026-09-28T16:36:19Z
mp_custom_map_11,2,team1,607,593,9,2026-09-28T16:46:18Z
mp_custom_map_91,1,team1,556,644,8,2026-09-28T16:57:48Z
mp_custom_map_91,2,team1,776,424,11,2026-09-28T17:04:58Z
mp_custom_map_25,1,team2,708,492,12,2026-09-28T17:13:56Z
mp_custom_map_25,2,team1,283,917,15,2026-09-28T17:29:19Z
mp_custom_map_25,3,team1,362,838,16,2026-09-28T17:43:24Z
mp_custom_map_14,1,team1,609,591,17,2026-09-28T17:54:03Z
mp_custom_map_14,2,team1,681,519,16,2026-09-28T18:02:49Z
mp_custom_map_31,1,team1,541,659,21,2026-09-28T18:14:34Z
mp_custom_map_31,2,team2,505,695,19,2026-09-28T18:26:18Z
mp_custom_map_31,3,team1,559,641,15,2026-09-28T18:37:10Z
mp_custom_map_97,1,team2,387,813,13,2026-09-28T18:51:29Z
mp_custom_map_97,2,team1,509,691,12,2026-09-28T19:03:05Z
mp_custom_map_97,3,team2,287,913,15,2026-09-28T19:18:24Z
mp_custom_map_65,1,team2,395,805,12,2026-09-28T19:32:36Z
mp_custom_map_65,2,team2,301,899,11,2026-09-28T19:47:41Z
mp_custom_map_10,1,team2,725,475,12,2026-09-28T19:56:22Z
mp_custom_map_10,2,team2,794,406,15,2026-09-28T20:03:14Z
mp_custom_map_24,1,team1,581,619,13,2026-09-28T20:14:17Z
mp_custom_map_24,2,team2,740,460,15,2026-09-28T20:22:02Z
mp_custom_map_24,3,team1,48,1152,12,2026-09-28T20:41:20Z
mp_custom_map_15,1,team1,554,646,13,2026-09-28T20:52:54Z
mp_custom_map_15,2,team2,325,875,16,2026-09-28T21:07:34Z
mp_custom_map_15,3,team2,209,991,22,2026-09-28T21:24:16Z
mp_custom_map_16,1,draw,0,1200,20,2026-09-28T21:45:08Z
mp_custom_map_16,2,team2,242,958,23,2026-09-28T22:01:20Z
mp_custom_map_87,1,team1,674,526,30,2026-09-28T22:10:58Z
mp_custom_map_87,2,team2,661,539,30,2026-09-28T22:20:07Z
mp_custom_map_87,3,team1,517,683,24,2026-09-28T22:31:40Z
mp_custom_map_47,1,team2,604,596,18,2026-09-28T22:42:27Z
mp_custom_map_47,2,team2,385,815,16,2026-09-28T22:56:16Z
mp_custom_map_27,1,team1,603,597,13,2026-09-28T23:07:00Z
mp_custom_map_27,2,team2,703,497,9,2026-09-28T23:15:24Z
mp_custom_map_27,3,team2,905,295,9,2026-09-28T23:20:26Z
mp_custom_map_18,1,team2,747,453,6,2026-09-28T23:28:46Z
mp_custom_map_18,2,team1,739,461,6,2026-09-28T23:36:34Z
mp_custom_map_18,3,team2,732,468,5,2026-09-28T23:44:27Z
mp_custom_map_17,1,team1,1028,172,2,2026-09-28T23:48:09Z
mp_custom_map_17,2,team1,972,228,2,2026-09-28T23:52:05Z
mp_custom_map_42,1,team1,1072,128,1,2026-09-29T04:54:00Z
mp_custom_map_42,2,team2,330,870,1,2026-09-29T09:26:56Z
mp_custom_map_42,3,draw,1073,127,0,2026-09-29T09:30:58Z
mp_custom_map_57,1,team1,521,679,5,2026-09-29T10:00:18Z
mp_custom_map_57,2,team1,972,228,4,2026-09-29T10:04:12Z
mp_custom_map_21,1,team1,1002,198,3,2026-09-29T10:08:21Z
mp_custom_map_21,2,team2,1058,142,4,2026-09-29T10:10:48Z
mp_custom_map_21,3,team2,884,316,5,2026-09-29T10:16:10Z
mp_custom_map_1,1,team2,882,318,5,2026-09-29T10:22:14Z
mp_custom_map_1,2,team2,845,355,5,2026-09-29T10:28:15Z
mp_custom_map_54,1,team2,807,393,4,2026-09-29T10:35:36Z
mp_custom_map_54,2,team1,1187,13,4,2026-09-29T10:35:54Z
mp_custom_map_54,3,team1,1143,57,2,2026-09-29T10:49:32Z
mp_custom_map_4,1,team1,729,471,6,2026-09-29T11:18:43Z
mp_custom_map_4,2,team2,697,503,6,2026-09-29T11:27:11Z
mp_custom_map_4,3,team2,823,377,6,2026-09-29T11:33:35Z
mp_custom_map_41,1,team2,661,539,7,2026-09-29T11:43:20Z
mp_custom_map_41,2,team2,605,595,8,2026-09-29T11:53:22Z
mp_custom_map_49,1,team2,681,519,8,2026-09-29T12:02:48Z
mp_custom_map_49,2,team2,756,444,9,2026-09-29T12:10:17Z
mp_custom_map_59,1,team1,904,296,7,2026-09-29T12:16:00Z
mp_custom_map_59,2,team1,884,316,7,2026-09-29T12:21:22Z
mp_custom_map_5,1,team1,1103,97,5,2026-09-29T12:23:44Z
mp_custom_map_5,2,team1,1047,153,5,2026-09-29T12:26:23Z
mp_custom_map_62,1,team1,1039,161,2,2026-09-29T12:29:49Z
mp_custom_map_62,2,team1,1067,133,3,2026-09-29T12:32:08Z
mp_custom_map_38,1,team2,850,350,5,2026-09-29T12:38:48Z
mp_custom_map_38,2,team2,548,652,7,2026-09-29T12:49:45Z
mp_custom_map_20,1,team1,790,410,6,2026-09-29T12:57:22Z
mp_custom_map_20,2,team2,416,784,6,2026-09-29T13:10:32Z
mp_custom_map_20,3,team2,729,471,6,2026-09-29T13:18:28Z
mp_custom_map_56,1,team1,1182,18,5,2026-09-29T13:19:31Z
mp_custom_map_56,2,team2,912,288,4,2026-09-29T13:24:26Z
mp_custom_map_56,3,team2,999,201,2,2026-09-29T13:27:52Z
mp_custom_map_50,1,team2,456,744,6,2026-09-29T13:50:00Z
mp_custom_map_50,2,team2,429,771,8,2026-09-29T14:02:56Z
mp_custom_map_8,1,team2,691,509,12,2026-09-29T14:12:11Z
mp_custom_map_8,2,team2,615,585,12,2026-09-29T14:22:03Z
mp_custom_map_39,1,team2,263,937,18,2026-09-29T14:38:25Z
mp_custom_map_39,2,team1,314,886,16,2026-09-29T14:53:22Z
mp_custom_map_39,3,team2,598,602,13,2026-09-29T15:03:32Z
mp_custom_map_58,1,team2,775,425,13,2026-09-29T15:11:23Z
mp_custom_map_58,2,team2,217,983,13,2026-09-29T15:27:52Z
mp_custom_map_52,1,team1,757,443,13,2026-09-29T15:36:00Z
mp_custom_map_52,2,team1,676,524,11,2026-09-29T15:44:51Z
mp_custom_map_43,1,team1,872,328,7,2026-09-29T15:51:03Z
mp_custom_map_43,2,team1,909,291,6,2026-09-29T15:55:59Z
mp_custom_map_48,1,team2,599,601,2,2026-09-29T16:06:45Z
mp_custom_map_48,2,team2,1188,12,1,2026-09-29T16:07:03Z
mp_custom_map_3,1,team1,860,340,2,2026-09-29T18:11:33Z
mp_custom_map_3,2,team2,888,312,3,2026-09-29T18:16:51Z
mp_custom_map_3,3,team2,707,493,3,2026-09-29T18:25:09Z
mp_custom_map_55,1,team2,1001,199,5,2026-09-29T18:29:12Z
mp_custom_map_55,2,team2,1035,165,5,2026-09-29T18:32:04Z
mp_custom_map_51,1,team2,1176,24,2,2026-09-29T18:33:14Z
mp_custom_map_51,2,team1,1183,17,2,2026-09-29T18:38:25Z
mp_custom_map_51,3,team2,725,475,2,2026-09-29T18:49:09Z
mp_custom_map_13,1,team1,1023,177,2,2026-09-29T18:52:51Z
mp_custom_map_13,2,team1,1162,38,1,2026-09-29T18:53:35Z
mp_custom_map_44,1,draw,1050,150,0,2026-09-29T20:42:03Z
mp_custom_map_44,2,team1,787,413,1,2026-09-29T22:29:35Z
mp_custom_map_53,1,team1,677,523,2,2026-09-29T22:39:07Z
mp_custom_map_53,2,team1,1105,95,2,2026-09-29T22:40:47Z
mp_custom_map_60,1,team2,1071,129,2,2026-09-29T22:43:44Z
mp_custom_map_60,2,team2,1060,140,2,2026-09-29T22:46:09Z
mp_custom_map_9,1,team2,1015,185,4,2026-09-29T22:50:02Z
mp_custom_map_9,2,team1,571,629,5,2026-09-29T23:00:36Z
mp_custom_map_9,3,team2,666,534,9,2026-09-29T23:09:36Z
mp_custom_map_45,1,team2,731,469,7,2026-09-29T23:18:09Z
mp_custom_map_45,2,team1,820,380,4,2026-09-29T23:24:36Z
mp_custom_map_45,3,team2,1013,187,1,2026-09-29T23:27:48Z
mp_custom_map_1,1,team2,1095,105,1,2026-09-30T08:23:59Z
mp_custom_map_1,2,team1,1151,49,1,2026-09-30T08:24:54Z
mp_custom_map_42,1,team2,1192,8,1,2026-09-30T08:50:28Z
mp_custom_map_42,2,team1,1186,14,1,2026-09-30T08:50:47Z
mp_custom_map_42,3,team2,1133,67,1,2026-09-30T08:52:01Z
mp_custom_map_57,1,team2,967,233,1,2026-09-30T08:56:55Z
mp_custom_map_57,2,team1,719,481,1,2026-09-30T10:20:47Z
mp_custom_map_57,3,team1,1193,7,1,2026-09-30T10:21:00Z
mp_custom_map_21,1,team1,568,632,5,2026-09-30T10:56:06Z
mp_custom_map_21,2,team2,552,648,6,2026-09-30T11:06:59Z
mp_custom_map_21,3,team2,869,331,3,2026-09-30T11:12:37Z
mp_custom_map_1,1,team2,1193,7,1,2026-09-30T11:13:33Z
mp_custom_map_1,2,team2,1028,172,3,2026-09-30T11:53:58Z
mp_custom_map_54,1,team2,347,853,2,2026-09-30T12:09:02Z
mp_custom_map_54,2,team1,1198,2,1,2026-09-30T12:09:10Z
mp_custom_map_54,3,team2,767,433,2,2026-09-30T12:45:08Z
mp_custom_map_4,1,team2,1051,149,2,2026-09-30T12:48:29Z
mp_custom_map_4,2,team1,1046,154,3,2026-09-30T12:51:10Z
mp_custom_map_4,3,team1,1020,180,3,2026-09-30T12:54:16Z
mp_custom_map_41,1,team1,955,245,3,2026-09-30T12:59:07Z
mp_custom_map_41,2,team1,1020,180,3,2026-09-30T13:02:12Z
mp_custom_map_49,1,team1,504,696,5,2026-09-30T13:14:35Z
mp_custom_map_49,2,team2,433,767,11,2026-09-30T13:27:28Z
mp_custom_map_49,3,team2,364,836,9,2026-09-30T13:41:32Z
mp_custom_map_59,1,team2,908,292,7,2026-09-30T13:47:13Z
mp_custom_map_59,2,team1,635,565,5,2026-09-30T13:56:43Z
mp_custom_map_59,3,team2,637,563,5,2026-09-30T14:06:13Z
mp_custom_map_5,1,team2,964,236,1,2026-09-30T15:50:22Z
mp_custom_map_5,2,team2,729,471,1,2026-09-30T15:59:38Z
mp_custom_map_62,1,team1,1196,4,1,2026-09-30T16:38:04Z
mp_custom_map_62,2,team2,889,311,3,2026-09-30T16:43:28Z
mp_custom_map_62,3,team1,605,595,5,2026-09-30T16:53:28Z
mp_custom_map_38,1,team1,989,211,7,2026-09-30T16:57:45Z
mp_custom_map_38,2,team1,585,615,12,2026-09-30T17:08:06Z
mp_custom_map_20,1,team2,599,601,15,2026-09-30T17:18:57Z
mp_custom_map_20,2,team1,719,481,20,2026-09-30T17:27:08Z
mp_custom_map_20,3,team2,621,579,22,2026-09-30T17:36:58Z
mp_custom_map_91,1,team2,687,513,19,2026-09-30T17:46:23Z
mp_custom_map_91,2,team2,348,852,17,2026-09-30T18:00:44Z
mp_custom_map_7,1,team2,714,486,23,2026-09-30T18:09:39Z
mp_custom_map_7,2,team2,639,561,25,2026-09-30T18:19:12Z
mp_custom_map_97,1,team1,588,612,22,2026-09-30T18:30:20Z
mp_custom_map_97,2,team1,528,672,19,2026-09-30T18:41:46Z
mp_custom_map_15,1,team1,278,922,28,2026-09-30T18:58:00Z
mp_custom_map_15,2,team1,299,901,29,2026-09-30T19:13:13Z
mp_custom_map_27,1,team2,455,745,29,2026-09-30T19:26:35Z
mp_custom_map_27,2,team2,80,1120,30,2026-09-30T19:45:29Z
mp_custom_map_71,1,team2,539,661,23,2026-09-30T19:57:24Z
mp_custom_map_71,2,team1,70,1130,25,2026-09-30T20:16:32Z
mp_custom_map_71,3,team2,72,1128,21,2026-09-30T20:35:39Z
mp_custom_map_14,1,team2,145,1055,16,2026-09-30T20:54:02Z
mp_custom_map_14,2,team2,590,610,13,2026-09-30T21:04:22Z
mp_custom_map_56,1,team2,150,1050,13,2026-09-30T21:22:38Z
mp_custom_map_56,2,team2,679,521,14,2026-09-30T21:31:29Z
mp_custom_map_50,1,team2,713,487,12,2026-09-30T21:40:23Z
mp_custom_map_50,2,team2,676,524,14,2026-09-30T21:49:14Z
mp_custom_map_8,1,draw,0,1200,10,2026-09-30T22:10:01Z
mp_custom_map_8,2,team1,532,668,13,2026-09-30T22:21:15Z
mp_custom_map_39,1,team1,609,591,9,2026-09-30T22:31:51Z
mp_custom_map_39,2,team1,705,495,9,2026-09-30T22:40:11Z
mp_custom_map_58,1,team2,773,427,10,2026-09-30T22:48:06Z
mp_custom_map_58,2,team2,667,533,8,2026-09-30T22:57:04Z
mp_custom_map_52,1,team1,526,674,7,2026-09-30T23:09:05Z
mp_custom_map_52,2,team1,659,541,8,2026-09-30T23:18:11Z
mp_custom_map_43,1,team2,561,639,9,2026-09-30T23:29:35Z
mp_custom_map_43,2,team2,721,479,9,2026-09-30T23:37:39Z
mp_custom_map_48,1,team2,802,398,8,2026-09-30T23:45:02Z
mp_custom_map_48,2,team1,725,475,6,2026-09-30T23:53:03Z
mp_custom_map_48,3,team2,547,653,6,2026-10-01T00:04:02Z
mp_custom_map_3,1,team2,424,776,8,2026-10-01T00:17:43Z
mp_custom_map_3,2,team1,702,498,7,2026-10-01T00:26:08Z
mp_custom_map_3,3,team1,359,841,7,2026-10-01T00:40:15Z
mp_custom_map_55,1,team2,612,588,8,2026-10-01T00:50:49Z
mp_custom_map_55,2,team2,603,597,5,2026-10-01T01:00:52Z
mp_custom_map_51,1,team2,703,497,3,2026-10-01T01:10:03Z
mp_custom_map_51,2,team2,1186,14,2,2026-10-01T01:10:27Z
mp_custom_map_13,1,team2,905,295,2,2026-10-01T07:58:16Z
mp_custom_map_13,2,team1,970,230,1,2026-10-01T08:02:12Z
mp_custom_map_13,3,team1,873,327,1,2026-10-01T08:08:34Z
mp_custom_map_44,1,team1,998,202,2,2026-10-01T08:12:44Z
mp_custom_map_44,2,team2,1108,92,2,2026-10-01T08:14:22Z
mp_custom_map_44,3,team2,1103,97,2,2026-10-01T08:16:04Z
mp_custom_map_53,1,team2,1081,119,2,2026-10-01T08:18:49Z
mp_custom_map_53,2,team2,860,340,3,2026-10-01T08:24:34Z
mp_custom_map_60,1,team1,993,207,3,2026-10-01T08:28:49Z
mp_custom_map_60,2,team2,961,239,4,2026-10-01T08:32:53Z
mp_custom_map_60,3,team2,892,308,4,2026-10-01T08:38:07Z
mp_custom_map_9,1,team1,865,335,3,2026-10-01T08:44:31Z
mp_custom_map_9,2,team2,918,282,4,2026-10-01T08:49:20Z
mp_custom_map_9,3,team2,928,272,4,2026-10-01T08:53:57Z
mp_custom_map_45,1,team2,975,225,4,2026-10-01T08:58:27Z
mp_custom_map_45,2,team1,421,779,4,2026-10-01T09:11:33Z
mp_custom_map_45,3,team1,796,404,3,2026-10-01T09:18:23Z
mp_custom_map_40,1,team2,939,261,1,2026-10-01T10:00:36Z
mp_custom_map_40,2,team1,1024,176,1,2026-10-01T11:45:08Z
mp_custom_map_40,3,team2,1102,98,1,2026-10-01T11:46:52Z
mp_custom_map_61,1,team1,971,229,1,2026-10-01T12:44:17Z
mp_custom_map_61,2,team2,1187,13,2,2026-10-01T14:37:13Z
mp_custom_map_61,3,team1,844,356,2,2026-10-01T14:50:20Z
mp_custom_map_32,1,team1,1192,8,2,2026-10-01T14:51:12Z
mp_custom_map_32,2,team2,1037,163,2,2026-10-01T14:54:01Z
mp_custom_map_32,3,team1,959,241,3,2026-10-01T14:58:08Z
mp_custom_map_2,1,team2,916,284,3,2026-10-01T15:03:39Z
mp_custom_map_2,2,team1,1081,119,2,2026-10-01T15:05:44Z
mp_custom_map_2,3,team1,918,282,3,2026-10-01T15:10:31Z
mp_custom_map_42,1,team2,1037,163,2,2026-10-01T15:14:08Z
mp_custom_map_42,2,team1,1111,89,2,2026-10-01T15:15:41Z
mp_custom_map_42,3,team1,1191,9,2,2026-10-01T15:15:56Z
mp_custom_map_57,1,team2,712,488,4,2026-10-01T15:26:59Z
mp_custom_map_57,2,team1,1054,146,4,2026-10-01T15:29:31Z
mp_custom_map_57,3,team1,975,225,5,2026-10-01T15:33:21Z
mp_custom_map_21,1,team2,979,221,7,2026-10-01T15:37:48Z
mp_custom_map_21,2,team2,938,262,7,2026-10-01T15:42:16Z
mp_custom_map_1,1,team1,901,299,5,2026-10-01T15:48:01Z
mp_custom_map_1,2,team1,894,306,4,2026-10-01T15:53:13Z
mp_custom_map_54,1,team2,870,330,3,2026-10-01T15:59:29Z
mp_custom_map_54,2,team1,437,763,4,2026-10-01T16:12:19Z
mp_custom_map_54,3,team2,733,467,7,2026-10-01T16:20:11Z
mp_custom_map_4,1,team2,657,543,7,2026-10-01T16:29:58Z
mp_custom_map_4,2,team1,926,274,8,2026-10-01T16:34:38Z
mp_custom_map_4,3,team1,543,657,8,2026-10-01T16:45:41Z
mp_custom_map_41,1,team2,681,519,7,2026-10-01T16:55:06Z
mp_custom_map_41,2,team2,790,410,7,2026-10-01T17:02:01Z
mp_custom_map_49,1,team1,542,658,15,2026-10-01T17:13:47Z
mp_custom_map_49,2,team2,715,485,15,2026-10-01T17:22:01Z
mp_custom_map_49,3,team2,710,490,17,2026-10-01T17:30:20Z
mp_custom_map_22,1,team2,666,534,16,2026-10-01T17:40:02Z
mp_custom_map_22,2,team2,533,667,16,2026-10-01T17:51:23Z
mp_custom_map_10,1,team1,728,472,16,2026-10-01T18:00:04Z
mp_custom_map_10,2,team1,665,535,13,2026-10-01T18:09:08Z
mp_custom_map_59,1,team1,475,725,5,2026-10-01T18:21:58Z
mp_custom_map_59,2,team1,654,546,8,2026-10-01T18:31:09Z
mp_custom_map_5,1,team1,849,351,7,2026-10-01T18:37:44Z
mp_custom_map_5,2,team1,1077,123,6,2026-10-01T18:39:53Z
mp_custom_map_62,1,team1,1011,189,5,2026-10-01T18:43:48Z
mp_custom_map_62,2,team2,903,297,8,2026-10-01T18:48:51Z
mp_custom_map_62,3,team1,814,386,10,2026-10-01T18:55:22Z
mp_custom_map_38,1,team2,660,540,13,2026-10-01T19:05:07Z
mp_custom_map_38,2,team1,730,470,20,2026-10-01T19:13:03Z
mp_custom_map_38,3,team2,572,628,18,2026-10-01T19:23:39Z
mp_custom_map_12,1,team2,23,1177,21,2026-10-01T19:44:05Z
mp_custom_map_12,2,team2,608,592,22,2026-10-01T19:54:08Z
mp_custom_map_87,1,team2,667,533,20,2026-10-01T20:03:50Z
mp_custom_map_87,2,team2,623,577,22,2026-10-01T20:13:41Z
mp_custom_map_19,1,team2,349,851,16,2026-10-01T20:28:42Z
mp_custom_map_19,2,team2,486,714,15,2026-10-01T20:40:45Z
mp_custom_map_24,1,team2,268,932,14,2026-10-01T20:57:05Z
mp_custom_map_24,2,team2,237,963,13,2026-10-01T21:13:23Z
mp_custom_map_20,1,team1,407,793,13,2026-10-01T21:27:24Z
mp_custom_map_20,2,team1,593,607,12,2026-10-01T21:37:37Z
mp_custom_map_56,1,team1,312,888,13,2026-10-01T21:53:11Z
mp_custom_map_56,2,team1,461,739,13,2026-10-01T22:05:36Z
mp_custom_map_50,1,team1,613,587,11,2026-10-01T22:16:07Z
mp_custom_map_50,2,team1,167,1033,13,2026-10-01T22:33:26Z
mp_custom_map_8,1,team2,643,557,5,2026-10-01T22:43:28Z
mp_custom_map_8,2,team2,455,745,6,2026-10-01T22:55:59Z
mp_custom_map_39,1,team1,1007,193,3,2026-10-01T22:59:58Z
mp_custom_map_39,2,team1,1052,148,2,2026-10-01T23:02:31Z
mp_custom_map_58,1,team2,483,717,2,2026-10-01T23:15:15Z
mp_custom_map_58,2,team2,980,220,2,2026-10-01T23:19:01Z
mp_custom_map_52,1,team1,656,544,2,2026-10-01T23:28:54Z
mp_custom_map_52,2,team2,1007,193,2,2026-10-01T23:32:14Z
mp_custom_map_52,3,team1,510,690,2,2026-10-01T23:43:49Z
mp_custom_map_43,1,team2,1195,5,2,2026-10-01T23:44:40Z
mp_custom_map_43,2,team2,1179,21,2,2026-10-01T23:45:06Z
mp_custom_map_44,1,draw,0,1200,6,2026-10-02T11:42:46Z
mp_custom_map_44,2,team2,524,676,8,2026-10-02T11:54:07Z
mp_custom_map_20,1,team1,592,608,12,2026-10-02T12:05:00Z
mp_custom_map_20,2,team1,379,821,13,2026-10-02T12:18:48Z
mp_custom_map_13,1,team1,605,595,15,2026-10-02T12:29:30Z
mp_custom_map_13,2,team1,662,538,16,2026-10-02T12:38:34Z
mp_custom_map_94,1,team1,121,1079,17,2026-10-02T12:57:22Z
mp_custom_map_94,2,draw,0,1200,16,2026-10-02T13:17:28Z
mp_custom_map_26,1,team1,226,974,18,2026-10-02T13:34:35Z
mp_custom_map_26,2,team1,498,702,15,2026-10-02T13:46:29Z
mp_custom_map_10,1,team2,598,602,15,2026-10-02T13:57:17Z
mp_custom_map_10,2,team2,311,889,15,2026-10-02T14:12:13Z
mp_custom_map_25,1,team1,625,575,8,2026-10-02T14:22:35Z
mp_custom_map_25,2,team1,548,652,12,2026-10-02T14:33:33Z
mp_custom_map_61,1,team2,830,370,7,2026-10-02T14:40:29Z
mp_custom_map_61,2,team2,861,339,10,2026-10-02T14:46:14Z
mp_custom_map_45,1,team1,506,694,11,2026-10-02T14:58:36Z
mp_custom_map_45,2,team1,374,826,11,2026-10-02T15:12:29Z
mp_custom_map_57,1,team2,504,696,14,2026-10-02T15:24:51Z
mp_custom_map_57,2,team2,205,995,13,2026-10-02T15:41:34Z
mp_custom_map_41,1,team1,637,563,10,2026-10-02T15:51:47Z
mp_custom_map_41,2,team2,785,415,15,2026-10-02T15:58:47Z
mp_custom_map_41,3,team2,263,937,20,2026-10-02T16:14:29Z
mp_custom_map_34,1,team1,459,741,16,2026-10-02T16:27:37Z
mp_custom_map_6,1,team2,568,632,14,2026-10-02T16:38:56Z
mp_custom_map_58,1,team2,616,584,18,2026-10-02T16:49:27Z
mp_custom_map_19,1,team1,494,706,18,2026-10-02T17:02:00Z
mp_custom_map_12,1,team2,573,627,18,2026-10-02T17:13:17Z
mp_custom_map_33,1,team2,505,695,18,2026-10-02T17:25:45Z
mp_custom_map_35,1,team2,514,686,18,2026-10-02T17:38:01Z
mp_custom_map_65,1,team2,555,645,19,2026-10-02T17:49:39Z
mp_custom_map_29,1,team1,359,841,15,2026-10-02T18:04:30Z
mp_custom_map_99,1,team2,592,608,17,2026-10-02T18:15:25Z
mp_custom_map_18,1,team1,513,687,19,2026-10-02T18:27:43Z
mp_custom_map_37,1,team1,219,981,27,2026-10-02T18:44:59Z
mp_custom_map_44,1,team1,816,384,13,2026-10-02T18:58:15Z
mp_custom_map_44,2,team2,560,640,14,2026-10-02T19:09:04Z
mp_custom_map_44,3,team1,362,838,19,2026-10-02T19:23:17Z
mp_custom_map_94,1,team1,549,651,19,2026-10-02T19:34:56Z
mp_custom_map_94,2,team1,80,1120,24,2026-10-02T19:53:49Z
mp_custom_map_26,1,team1,621,579,27,2026-10-02T20:04:18Z
mp_custom_map_26,2,team1,499,701,27,2026-10-02T20:16:09Z
mp_custom_map_10,1,team2,601,599,23,2026-10-02T20:26:59Z
mp_custom_map_10,2,team2,766,434,18,2026-10-02T20:34:24Z
mp_custom_map_25,1,team1,632,568,13,2026-10-02T20:44:45Z
mp_custom_map_25,2,team2,651,549,13,2026-10-02T20:54:05Z
mp_custom_map_25,3,team2,646,554,11,2026-10-02T21:03:28Z
mp_custom_map_20,1,team1,612,588,11,2026-10-02T21:14:03Z
mp_custom_map_20,2,team1,342,858,13,2026-10-02T21:28:30Z
mp_custom_map_13,1,team1,595,605,14,2026-10-02T21:39:23Z
mp_custom_map_13,2,team1,767,433,11,2026-10-02T21:46:43Z
mp_custom_map_61,1,team2,766,434,12,2026-10-02T21:54:42Z
mp_custom_map_61,2,team1,496,704,16,2026-10-02T22:06:36Z
mp_custom_map_61,3,team1,641,559,18,2026-10-02T22:16:05Z
mp_custom_map_34,1,team2,432,768,17,2026-10-02T22:29:44Z
mp_custom_map_34,2,team2,409,791,17,2026-10-02T22:43:02Z
mp_custom_map_6,1,team2,708,492,16,2026-10-02T22:52:02Z
mp_custom_map_6,2,team2,705,495,20,2026-10-02T23:00:26Z
mp_custom_map_19,1,team1,177,1023,19,2026-10-02T23:18:22Z
mp_custom_map_19,2,team2,542,658,15,2026-10-02T23:29:32Z
mp_custom_map_19,3,team2,677,523,12,2026-10-02T23:38:24Z
mp_custom_map_45,1,team2,856,344,12,2026-10-02T23:44:51Z
mp_custom_map_45,2,team2,663,537,10,2026-10-02T23:53:57Z
mp_custom_map_57,1,team2,409,791,9,2026-10-03T00:07:52Z
mp_custom_map_57,2,team2,12,1188,8,2026-10-03T00:27:46Z
mp_custom_map_41,1,team2,85,1115,5,2026-10-03T00:47:06Z
mp_custom_map_41,2,team1,848,352,5,2026-10-03T00:53:03Z
mp_custom_map_41,3,team1,858,342,5,2026-10-03T00:58:51Z
mp_custom_map_58,1,team1,1009,191,5,2026-10-03T01:02:49Z
mp_custom_map_58,2,team2,542,658,4,2026-10-03T01:13:53Z
mp_custom_map_58,3,team2,792,408,3,2026-10-03T01:20:46Z
mp_custom_map_2,1,team2,831,369,2,2026-10-03T01:27:39Z
mp_custom_map_2,2,team2,639,561,2,2026-10-03T01:37:07Z
mp_custom_map_9,1,team1,1049,151,1,2026-10-03T03:09:25Z
mp_custom_map_9,2,team1,1154,46,3,2026-10-03T03:52:18Z
mp_custom_map_54,1,team2,818,382,4,2026-10-03T03:59:25Z
mp_custom_map_54,2,team1,714,486,4,2026-10-03T04:07:37Z
mp_custom_map_54,3,team1,806,394,6,2026-10-03T04:14:17Z
mp_custom_map_5,1,team2,902,298,7,2026-10-03T04:20:00Z
mp_custom_map_5,2,team2,834,366,7,2026-10-03T04:26:12Z
mp_custom_map_56,1,team2,976,224,5,2026-10-03T04:30:43Z
mp_custom_map_56,2,team2,901,299,4,2026-10-03T04:35:48Z
mp_custom_map_21,1,team2,563,637,3,2026-10-03T07:04:20Z
mp_custom_map_21,2,team1,734,466,3,2026-10-03T07:12:13Z
mp_custom_map_21,3,team1,1172,28,2,2026-10-03T07:12:45Z
mp_custom_map_59,1,team1,1021,179,1,2026-10-03T07:16:35Z
mp_custom_map_8,1,team1,1087,113,2,2026-10-03T11:51:28Z
mp_custom_map_53,1,team2,1142,58,1,2026-10-03T11:53:15Z
mp_custom_map_60,1,team1,1114,86,2,2026-10-03T12:50:12Z
mp_custom_map_32,1,team2,853,347,2,2026-10-03T12:56:44Z
mp_custom_map_51,1,team2,1046,154,2,2026-10-03T13:00:07Z
mp_custom_map_40,1,team1,641,559,4,2026-10-03T13:10:14Z
mp_custom_map_1,1,team2,742,458,3,2026-10-03T13:18:38Z
mp_custom_map_42,1,team2,964,236,3,2026-10-03T13:23:19Z
mp_custom_map_48,1,team2,882,318,3,2026-10-03T13:29:24Z
mp_custom_map_55,1,team2,975,225,3,2026-10-03T13:33:54Z
mp_custom_map_52,1,team1,1011,189,2,2026-10-03T13:37:48Z
mp_custom_map_49,1,team1,1095,105,1,2026-10-03T14:34:37Z
mp_custom_map_4,1,team2,1092,108,1,2026-10-03T14:42:43Z
mp_custom_map_43,1,team1,1028,172,2,2026-10-03T16:06:20Z
mp_custom_map_62,1,team1,979,221,1,2026-10-03T16:10:49Z
mp_custom_map_38,1,team1,1117,83,2,2026-10-03T16:26:35Z
mp_custom_map_50,1,team1,1012,188,2,2026-10-03T16:35:12Z
mp_custom_map_44,1,team1,1020,180,1,2026-10-03T17:01:36Z
mp_custom_map_20,1,team1,715,485,6,2026-10-03T17:23:40Z
mp_custom_map_13,1,team1,791,409,7,2026-10-03T17:31:15Z
mp_custom_map_61,1,team1,757,443,8,2026-10-03T17:39:28Z
mp_custom_map_45,1,team2,846,354,9,2026-10-03T17:46:07Z
mp_custom_map_57,1,team2,615,585,10,2026-10-03T17:56:39Z
mp_custom_map_41,1,team2,829,371,11,2026-10-03T18:03:37Z
mp_custom_map_58,1,team2,908,292,12,2026-10-03T18:09:14Z
mp_custom_map_2,1,team2,548,652,15,2026-10-03T18:20:51Z
mp_custom_map_12,1,team2,545,655,22,2026-10-03T18:32:32Z
mp_custom_map_33,1,team2,171,1029,23,2026-10-03T18:50:32Z
mp_custom_map_35,1,team2,686,514,24,2026-10-03T18:59:56Z
mp_custom_map_65,1,draw,0,1200,27,2026-10-03T19:20:51Z
mp_custom_map_44,1,team1,754,446,5,2026-10-03T22:14:33Z
mp_custom_map_44,2,team1,577,623,6,2026-10-03T22:25:02Z
mp_custom_map_20,1,team2,557,643,7,2026-10-03T22:36:33Z
mp_custom_map_20,2,team2,673,527,9,2026-10-03T22:45:26Z
mp_custom_map_13,1,team1,772,428,8,2026-10-03T22:53:18Z
mp_custom_map_13,2,team1,915,285,8,2026-10-03T22:58:08Z
mp_custom_map_61,1,team2,943,257,8,2026-10-03T23:03:11Z
mp_custom_map_61,2,team1,851,349,9,2026-10-03T23:09:06Z
mp_custom_map_61,3,team1,860,340,7,2026-10-03T23:14:51Z
mp_custom_map_45,1,team2,969,231,5,2026-10-03T23:19:29Z
mp_custom_map_45,2,team2,882,318,5,2026-10-03T23:24:51Z
mp_custom_map_57,1,team1,913,287,4,2026-10-03T23:30:26Z
mp_custom_map_57,2,team2,843,357,4,2026-10-03T23:36:28Z
mp_custom_map_57,3,team1,494,706,5,2026-10-03T23:48:20Z
mp_custom_map_41,1,team2,961,239,5,2026-10-03T23:53:06Z
mp_custom_map_41,2,team2,681,519,5,2026-10-04T00:01:51Z
mp_custom_map_58,1,team2,957,243,5,2026-10-04T00:06:40Z
mp_custom_map_58,2,team1,833,367,6,2026-10-04T00:12:53Z
mp_custom_map_58,3,team2,573,627,5,2026-10-04T00:23:26Z
mp_custom_map_2,1,team1,520,680,2,2026-10-04T00:35:35Z
mp_custom_map_2,2,team2,980,220,2,2026-10-04T00:39:22Z
mp_custom_map_2,3,team2,747,453,1,2026-10-04T00:47:00Z
mp_custom_map_9,1,draw,1118,82,0,2026-10-04T03:49:09Z
mp_custom_map_54,1,team2,1170,30,1,2026-10-04T08:38:09Z
mp_custom_map_5,1,team1,1094,106,1,2026-10-04T11:43:58Z
mp_custom_map_56,1,team2,1167,33,1,2026-10-04T12:15:52Z
mp_custom_map_21,1,draw,977,223,1,2026-10-04T12:21:03Z
mp_custom_map_59,1,team1,612,588,3,2026-10-04T13:22:53Z
mp_custom_map_8,1,team2,1062,138,3,2026-10-04T13:25:56Z
mp_custom_map_53,1,team1,984,216,3,2026-10-04T13:30:17Z
mp_custom_map_60,1,team1,785,415,4,2026-10-04T13:38:01Z
mp_custom_map_32,1,team2,945,255,4,2026-10-04T13:43:02Z
mp_custom_map_51,1,team2,847,353,4,2026-10-04T13:49:42Z
mp_custom_map_40,1,team1,931,269,5,2026-10-04T13:54:58Z
mp_custom_map_1,1,team2,1024,176,5,2026-10-04T13:58:41Z
mp_custom_map_42,1,team2,936,264,5,2026-10-04T14:03:52Z
mp_custom_map_48,1,team1,778,422,3,2026-10-04T14:11:40Z
mp_custom_map_55,1,draw,0,1200,4,2026-10-04T14:32:27Z
mp_custom_map_52,1,team2,808,392,4,2026-10-04T14:39:46Z
mp_custom_map_49,1,team1,803,397,4,2026-10-04T14:47:10Z
mp_custom_map_4,1,team1,813,387,4,2026-10-04T14:54:24Z
mp_custom_map_43,1,team2,791,409,4,2026-10-04T15:02:01Z
mp_custom_map_62,1,team2,790,410,4,2026-10-04T15:09:36Z
mp_custom_map_38,1,team2,1187,13,3,2026-10-04T15:10:36Z
mp_custom_map_50,1,draw,0,1200,5,2026-10-04T15:31:26Z
mp_custom_map_44,1,team2,926,274,8,2026-10-04T15:36:46Z
mp_custom_map_20,1,team1,582,618,8,2026-10-04T15:47:51Z
mp_custom_map_13,1,team1,649,551,8,2026-10-04T15:57:50Z
mp_custom_map_61,1,team1,845,355,9,2026-10-04T16:04:31Z
mp_custom_map_45,1,team2,800,400,10,2026-10-04T16:11:56Z
mp_custom_map_57,1,team2,489,711,11,2026-10-04T16:24:32Z
mp_custom_map_41,1,team1,772,428,8,2026-10-04T16:32:25Z
mp_custom_map_58,1,team2,1006,194,7,2026-10-04T16:36:26Z
mp_custom_map_2,1,team1,410,790,9,2026-10-04T16:50:22Z
mp_custom_map_9,1,team2,647,553,12,2026-10-04T17:00:19Z
mp_custom_map_54,1,team2,579,621,13,2026-10-04T17:11:26Z
mp_custom_map_5,1,team2,845,355,14,2026-10-04T17:18:07Z
mp_custom_map_56,1,team2,379,821,17,2026-10-04T17:32:32Z
mp_custom_map_94,1,team1,507,693,15,2026-10-04T17:44:53Z
mp_custom_map_26,1,team2,400,800,17,2026-10-04T17:58:58Z
mp_custom_map_10,1,team1,434,766,19,2026-10-04T18:12:30Z
mp_custom_map_25,1,team1,395,805,22,2026-10-04T18:26:42Z
mp_custom_map_34,1,team1,557,643,22,2026-10-04T18:38:14Z
mp_custom_map_6,1,team2,350,850,19,2026-10-04T18:53:20Z
mp_custom_map_19,1,team2,450,750,15,2026-10-04T19:06:36Z
mp_custom_map_12,1,team2,440,760,16,2026-10-04T19:20:02Z
mp_custom_map_33,1,team2,273,927,15,2026-10-04T19:36:20Z
mp_custom_map_35,1,team2,155,1045,15,2026-10-04T19:54:32Z
mp_custom_map_65,1,draw,0,1200,17,2026-10-04T20:15:19Z
mp_custom_map_29,1,team2,672,528,13,2026-10-04T20:24:55Z
mp_custom_map_21,1,team1,177,1023,20,2026-10-04T20:42:45Z
mp_custom_map_99,1,team1,363,837,15,2026-10-04T20:57:30Z
mp_custom_map_18,1,team1,627,573,18,2026-10-04T21:07:50Z
mp_custom_map_37,1,draw,0,1200,15,2026-10-04T21:28:37Z
mp_custom_map_71,1,team1,668,532,12,2026-10-04T21:38:15Z
mp_custom_map_59,1,team1,658,542,12,2026-10-04T21:48:03Z
mp_custom_map_8,1,team1,950,250,11,2026-10-04T21:52:58Z
mp_custom_map_53,1,team2,623,577,16,2026-10-04T22:03:20Z
mp_custom_map_97,1,team1,635,565,13,2026-10-04T22:13:30Z
mp_custom_map_60,1,team1,562,638,14,2026-10-04T22:24:52Z
mp_custom_map_32,1,team2,797,403,12,2026-10-04T22:32:19Z
mp_custom_map_51,1,team1,906,294,10,2026-10-04T22:37:59Z
mp_custom_map_40,1,team1,880,320,8,2026-10-04T22:44:06Z
mp_custom_map_1,1,team1,681,519,6,2026-10-04T22:53:31Z
mp_custom_map_42,1,team1,606,594,4,2026-10-04T23:04:12Z
mp_custom_map_48,1,team2,131,1069,6,2026-10-04T23:22:49Z
mp_custom_map_55,1,team2,950,250,6,2026-10-04T23:27:46Z
mp_custom_map_52,1,team1,813,387,6,2026-10-04T23:34:58Z
mp_custom_map_49,1,team2,675,525,6,2026-10-04T23:44:29Z
mp_custom_map_4,1,team1,749,451,7,2026-10-04T23:52:48Z
mp_custom_map_43,1,team1,775,425,7,2026-10-05T00:00:40Z
mp_custom_map_62,1,team1,759,441,7,2026-10-05T00:08:48Z
mp_custom_map_38,1,team2,701,499,7,2026-10-05T00:17:54Z
mp_custom_map_50,1,team1,705,495,7,2026-10-05T00:26:56Z
mp_custom_map_44,1,team1,229,971,8,2026-10-05T00:43:54Z
mp_custom_map_20,1,team2,663,537,7,2026-10-05T00:53:38Z
mp_custom_map_13,1,team2,476,724,10,2026-10-05T01:06:28Z
mp_custom_map_61,1,team1,517,683,9,2026-10-05T01:18:37Z
mp_custom_map_45,1,team1,535,665,11,2026-10-05T01:30:28Z
mp_custom_map_57,1,team1,97,1103,10,2026-10-05T01:49:37Z
mp_custom_map_41,1,team2,458,742,11,2026-10-05T02:02:45Z
mp_custom_map_58,1,team1,780,420,14,2026-10-05T02:10:30Z
mp_custom_map_2,1,team1,619,581,14,2026-10-05T02:20:57Z
mp_custom_map_9,1,team1,617,583,13,2026-10-05T02:31:25Z
mp_custom_map_54,1,team2,830,370,12,2026-10-05T02:38:21Z
mp_custom_map_5,1,team1,745,455,11,2026-10-05T02:46:40Z
mp_custom_map_56,1,team1,557,643,8,2026-10-05T02:58:10Z
mp_custom_map_21,1,team1,520,680,8,2026-10-05T03:10:16Z
mp_custom_map_59,1,team2,556,644,5,2026-10-05T03:21:46Z
mp_custom_map_8,1,team1,1034,166,4,2026-10-05T03:25:19Z
mp_custom_map_53,1,team2,1018,182,3,2026-10-05T03:29:14Z
mp_custom_map_60,1,team2,1046,154,3,2026-10-05T04:09:50Z
mp_custom_map_32,1,team2,1041,159,3,2026-10-05T04:13:21Z
mp_custom_map_58,2,team1,1186,14,1,2026-10-05T08:08:46Z
mp_custom_map_44,1,team2,1041,159,3,2026-10-05T11:23:22Z
mp_custom_map_20,1,team1,1002,198,3,2026-10-05T11:27:27Z
mp_custom_map_13,1,team2,1026,174,3,2026-10-05T11:31:05Z
mp_custom_map_61,1,team2,987,213,3,2026-10-05T11:35:23Z
mp_custom_map_45,1,team1,856,344,6,2026-10-05T11:41:55Z
mp_custom_map_57,1,team1,590,610,6,2026-10-05T11:52:50Z
mp_custom_map_41,1,team2,784,416,6,2026-10-05T12:00:34Z
mp_custom_map_58,1,team2,1065,135,5,2026-10-05T12:03:35Z
mp_custom_map_2,1,team2,949,251,4,2026-10-05T12:08:35Z
mp_custom_map_9,1,team2,711,489,7,2026-10-05T12:17:29Z
mp_custom_map_54,1,team1,558,642,5,2026-10-05T12:29:02Z
mp_custom_map_5,1,team1,1123,77,3,2026-10-05T12:31:06Z
mp_custom_map_56,1,team1,1032,168,2,2026-10-05T12:44:39Z
mp_custom_map_21,1,team2,828,372,4,2026-10-05T12:51:51Z
mp_custom_map_59,1,team1,900,300,6,2026-10-05T12:57:39Z
mp_custom_map_8,1,team2,520,680,6,2026-10-05T13:09:50Z
mp_custom_map_53,1,team2,128,1072,9,2026-10-05T13:28:30Z
mp_custom_map_60,1,team2,734,466,8,2026-10-05T13:37:04Z
mp_custom_map_32,1,draw,0,1200,8,2026-10-05T13:57:51Z
mp_custom_map_51,1,team2,361,839,8,2026-10-05T14:12:36Z
mp_custom_map_40,1,team2,907,293,11,2026-10-05T14:18:15Z
mp_custom_map_1,1,team2,645,555,8,2026-10-05T14:28:16Z
mp_custom_map_42,1,team2,858,342,7,2026-10-05T14:34:42Z
mp_custom_map_48,1,team2,878,322,9,2026-10-05T14:40:48Z
mp_custom_map_55,1,team1,197,1003,7,2026-10-05T14:58:16Z
mp_custom_map_52,1,team1,324,876,8,2026-10-05T15:13:37Z
mp_custom_map_49,1,draw,0,1200,6,2026-10-05T15:34:27Z
mp_custom_map_4,1,team1,981,219,3,2026-10-05T15:38:54Z
mp_custom_map_43,1,team1,1172,28,2,2026-10-05T15:40:10Z
mp_custom_map_62,1,team1,1123,77,2,2026-10-05T15:42:25Z
mp_custom_map_38,1,team1,1190,10,2,2026-10-05T15:49:53Z
mp_custom_map_50,1,team2,998,202,2,2026-10-05T17:28:43Z
mp_custom_map_44,1,team1,998,202,1,2026-10-05T18:12:18Z
mp_custom_map_20,1,team1,1186,14,1,2026-10-05T18:13:27Z
mp_custom_map_13,1,team1,1170,30,1,2026-10-05T19:15:26Z
mp_custom_map_61,1,team1,1192,8,1,2026-10-05T19:16:22Z
mp_custom_map_45,1,team1,979,221,1,2026-10-05T19:33:02Z
mp_custom_map_57,1,team1,1159,41,1,2026-10-05T21:10:38Z
mp_custom_map_41,1,team1,1136,64,1,2026-10-05T23:28:06Z
mp_custom_map_58,1,team1,1166,34,1,2026-10-06T01:58:54Z
mp_custom_map_2,1,team1,804,396,1,2026-10-06T03:00:48Z
mp_custom_map_9,1,team1,1171,29,1,2026-10-06T03:02:06Z
mp_custom_map_54,1,team1,524,676,4,2026-10-06T03:22:43Z
mp_custom_map_5,1,team2,771,429,4,2026-10-06T03:30:38Z
mp_custom_map_56,1,team2,741,459,5,2026-10-06T03:39:01Z
mp_custom_map_21,1,team2,846,354,5,2026-10-06T03:45:41Z
mp_custom_map_59,1,team1,922,278,6,2026-10-06T03:51:08Z
mp_custom_map_8,1,team1,663,537,6,2026-10-06T04:00:52Z
mp_custom_map_53,1,team2,697,503,8,2026-10-06T04:10:02Z
mp_custom_map_60,1,team1,456,744,8,2026-10-06T04:23:11Z
mp_custom_map_32,1,team1,610,590,8,2026-10-06T04:33:48Z
mp_custom_map_51,1,team1,810,390,11,2026-10-06T04:41:05Z
mp_custom_map_51,2,team2,654,546,8,2026-10-06T04:50:17Z
mp_custom_map_51,3,team2,680,520,8,2026-10-06T04:59:03Z
mp_custom_map_40,1,team1,769,431,5,2026-10-06T05:07:00Z
mp_custom_map_40,2,team1,731,469,5,2026-10-06T05:14:56Z
mp_custom_map_1,1,team2,923,277,5,2026-10-06T05:20:17Z
mp_custom_map_1,2,team2,831,369,6,2026-10-06T05:26:33Z
mp_custom_map_42,1,team1,991,209,2,2026-10-06T05:30:46Z
mp_custom_map_42,2,team2,1070,130,2,2026-10-06T05:33:01Z
mp_custom_map_42,3,team2,1098,102,2,2026-10-06T05:34:50Z
mp_custom_map_48,1,team1,965,235,1,2026-10-06T10:38:14Z
mp_custom_map_48,2,team1,1165,35,1,2026-10-06T10:39:55Z
mp_custom_map_55,1,team2,964,236,3,2026-10-06T14:55:36Z
mp_custom_map_55,2,team1,937,263,4,2026-10-06T15:00:04Z
mp_custom_map_55,3,team1,986,214,3,2026-10-06T15:03:44Z
mp_custom_map_52,1,team2,821,379,4,2026-10-06T15:10:50Z
mp_custom_map_52,2,team2,1045,155,4,2026-10-06T15:13:31Z
mp_custom_map_49,1,team1,855,345,4,2026-10-06T15:20:02Z
mp_custom_map_49,2,team2,995,205,4,2026-10-06T15:23:34Z
mp_custom_map_49,3,team1,1168,32,3,2026-10-06T15:24:12Z
mp_custom_map_4,1,team2,649,551,3,2026-10-06T15:34:10Z
mp_custom_map_4,2,team1,942,258,2,2026-10-06T15:38:34Z
mp_custom_map_4,3,team2,973,227,3,2026-10-06T15:42:27Z
mp_custom_map_43,1,team1,427,773,8,2026-10-06T15:56:10Z
mp_custom_map_43,2,team1,650,550,5,2026-10-06T16:05:25Z
mp_custom_map_62,1,team2,831,369,6,2026-10-06T16:12:18Z
mp_custom_map_62,2,team2,893,307,8,2026-10-06T16:17:31Z
mp_custom_map_38,1,team2,722,478,8,2026-10-06T16:26:18Z
mp_custom_map_38,2,team2,706,494,9,2026-10-06T16:34:38Z
mp_custom_map_50,1,team2,671,529,10,2026-10-06T16:44:12Z
mp_custom_map_50,2,team2,627,573,14,2026-10-06T16:53:52Z
mp_custom_map_44,1,team2,15,1185,21,2026-10-06T17:14:24Z
mp_custom_map_44,2,team1,242,958,25,2026-10-06T17:30:37Z
mp_custom_map_44,3,team2,485,715,22,2026-10-06T17:42:42Z
mp_custom_map_94,1,team2,425,775,21,2026-10-06T17:56:30Z
mp_custom_map_94,2,team1,568,632,16,2026-10-06T18:07:12Z
mp_custom_map_94,3,team2,346,854,12,2026-10-06T18:21:32Z
mp_custom_map_20,1,team2,721,479,13,2026-10-06T18:30:17Z
mp_custom_map_20,2,team2,382,818,13,2026-10-06T18:44:02Z
mp_custom_map_13,1,team1,775,425,11,2026-10-06T18:51:55Z
mp_custom_map_13,2,team2,694,506,16,2026-10-06T19:00:28Z
mp_custom_map_13,3,team2,661,539,17,2026-10-06T19:09:34Z
mp_custom_map_26,1,team1,729,471,17,2026-10-06T19:18:11Z
mp_custom_map_26,2,team2,547,653,18,2026-10-06T19:29:13Z
mp_custom_map_26,3,team2,526,674,19,2026-10-06T19:40:40Z
mp_custom_map_10,1,team1,770,430,21,2026-10-06T19:48:38Z
mp_custom_map_10,2,team1,853,347,15,2026-10-06T19:54:35Z
mp_custom_map_25,1,team1,583,617,14,2026-10-06T20:05:37Z
mp_custom_map_25,2,team1,646,554,16,2026-10-06T20:14:57Z
mp_custom_map_34,1,team1,515,685,17,2026-10-06T20:27:08Z
mp_custom_map_34,2,team1,734,466,15,2026-10-06T20:35:02Z
mp_custom_map_6,1,team1,755,445,17,2026-10-06T20:43:12Z
mp_custom_map_6,2,team1,446,754,17,2026-10-06T20:55:53Z
mp_custom_map_19,1,team2,675,525,18,2026-10-06T21:05:25Z
mp_custom_map_19,2,team2,537,663,21,2026-10-06T21:16:39Z
mp_custom_map_12,1,team1,344,856,16,2026-10-06T21:31:45Z
mp_custom_map_12,2,team1,244,956,16,2026-10-06T21:47:51Z
mp_custom_map_33,1,team2,668,532,12,2026-10-06T21:57:28Z
mp_custom_map_33,2,team2,582,618,2,2026-10-06T22:07:51Z
mp_custom_map_61,1,team2,1163,37,2,2026-10-06T22:10:46Z
mp_custom_map_61,2,team1,1061,139,3,2026-10-06T22:13:10Z
mp_custom_map_61,3,team1,996,204,3,2026-10-06T22:16:40Z
mp_custom_map_45,1,team1,618,582,4,2026-10-06T22:27:13Z
mp_custom_map_45,2,team2,897,303,5,2026-10-06T22:32:21Z
mp_custom_map_45,3,team1,962,238,5,2026-10-06T22:36:25Z
mp_custom_map_57,1,team1,558,642,8,2026-10-06T22:47:55Z
mp_custom_map_57,2,team2,724,476,8,2026-10-06T22:55:57Z
mp_custom_map_57,3,team2,615,585,8,2026-10-06T23:05:48Z
mp_custom_map_41,1,team2,757,443,7,2026-10-06T23:13:59Z
mp_custom_map_41,2,team2,476,724,3,2026-10-06T23:26:09Z
mp_custom_map_58,1,team2,1134,66,1,2026-10-06T23:28:07Z
mp_custom_map_58,2,team1,1005,195,1,2026-10-07T01:15:52Z
mp_custom_map_58,3,team1,924,276,3,2026-10-07T01:36:59Z
mp_custom_map_2,1,team2,325,875,4,2026-10-07T01:52:21Z
mp_custom_map_2,2,team2,629,571,3,2026-10-07T02:01:59Z
mp_custom_map_9,1,team1,1187,13,1,2026-10-07T02:02:58Z
mp_custom_map_9,2,team1,832,368,3,2026-10-07T09:54:25Z
mp_custom_map_54,1,team1,953,247,4,2026-10-07T09:59:32Z
mp_custom_map_54,2,team1,845,355,4,2026-10-07T10:05:33Z
mp_custom_map_5,1,team1,819,381,4,2026-10-07T10:12:46Z
mp_custom_map_5,2,team1,889,311,2,2026-10-07T10:18:02Z
mp_custom_map_56,1,team1,752,448,4,2026-10-07T10:33:32Z
mp_custom_map_56,2,team2,913,287,3,2026-10-07T10:38:24Z
mp_custom_map_56,3,team2,1046,154,3,2026-10-07T10:41:04Z
mp_custom_map_21,1,team2,1051,149,3,2026-10-07T10:44:21Z
mp_custom_map_21,2,team2,1002,198,3,2026-10-07T10:47:43Z
mp_custom_map_59,1,team1,1015,185,3,2026-10-07T10:51:36Z
mp_custom_map_59,2,team1,1083,117,3,2026-10-07T10:53:38Z
mp_custom_map_8,1,team1,1061,139,1,2026-10-07T10:56:44Z
mp_custom_map_8,2,team1,1143,57,1,2026-10-07T10:57:46Z
mp_custom_map_53,1,team1,596,604,4,2026-10-07T11:24:49Z
mp_custom_map_53,2,team1,910,290,3,2026-10-07T11:29:46Z
mp_custom_map_60,1,team1,1025,175,3,2026-10-07T11:33:27Z
mp_custom_map_60,2,team1,1045,155,2,2026-10-07T11:36:07Z
mp_custom_map_32,1,team1,966,234,3,2026-10-07T11:40:48Z
mp_custom_map_32,2,team2,1025,175,4,2026-10-07T11:43:48Z
mp_custom_map_32,3,team2,997,203,7,2026-10-07T11:47:18Z
mp_custom_map_51,1,team1,675,525,8,2026-10-07T11:56:49Z
mp_custom_map_51,2,team1,253,947,10,2026-10-07T12:12:42Z
mp_custom_map_40,1,team2,809,391,7,2026-10-07T12:19:59Z
mp_custom_map_40,2,team2,987,213,4,2026-10-07T12:23:37Z
mp_custom_map_1,1,team1,1127,73,3,2026-10-07T12:25:36Z
mp_custom_map_1,2,team1,1104,96,4,2026-10-07T12:27:17Z
mp_custom_map_42,1,team2,1076,124,3,2026-10-07T12:30:10Z
mp_custom_map_42,2,team1,1090,110,3,2026-10-07T12:32:05Z
mp_custom_map_42,3,team1,1078,122,2,2026-10-07T12:34:14Z
mp_custom_map_48,1,team1,1038,162,2,2026-10-07T12:41:58Z
mp_custom_map_48,2,team1,1189,11,1,2026-10-07T12:42:14Z
mp_custom_map_55,1,team1,999,201,2,2026-10-07T15:36:07Z
mp_custom_map_55,2,team2,1099,101,2,2026-10-07T15:37:55Z
mp_custom_map_55,3,team2,1049,151,3,2026-10-07T15:40:31Z
mp_custom_map_52,1,team2,1018,182,3,2026-10-07T15:44:18Z
mp_custom_map_52,2,team2,899,301,5,2026-10-07T15:49:26Z
mp_custom_map_49,1,team2,599,601,6,2026-10-07T16:00:13Z
mp_custom_map_49,2,team2,512,688,5,2026-10-07T16:11:48Z
mp_custom_map_4,1,team1,457,743,3,2026-10-07T16:24:56Z
mp_custom_map_4,2,team1,655,545,3,2026-10-07T16:34:08Z
mp_custom_map_43,1,team1,1075,125,3,2026-10-07T16:36:58Z
mp_custom_map_43,2,team2,1097,103,3,2026-10-07T16:38:48Z
mp_custom_map_43,3,team2,1071,129,3,2026-10-07T16:41:02Z
mp_custom_map_62,1,team2,853,347,4,2026-10-07T16:47:35Z
mp_custom_map_62,2,team2,811,389,5,2026-10-07T16:54:10Z
mp_custom_map_38,1,team1,967,233,7,2026-10-07T16:58:49Z
mp_custom_map_38,2,team1,488,712,8,2026-10-07T17:10:47Z
mp_custom_map_50,1,team2,727,473,6,2026-10-07T17:19:27Z
mp_custom_map_50,2,team1,628,572,9,2026-10-07T17:29:04Z
mp_custom_map_50,3,team1,766,434,10,2026-10-07T17:36:23Z
mp_custom_map_44,1,team2,288,912,14,2026-10-07T17:52:20Z
mp_custom_map_44,2,team1,256,944,15,2026-10-07T18:08:10Z
mp_custom_map_44,3,team2,86,1114,16,2026-10-07T18:26:50Z
mp_custom_map_35,1,team1,185,1015,14,2026-10-07T18:44:32Z
mp_custom_map_35,2,draw,0,1200,21,2026-10-07T19:04:39Z
mp_custom_map_65,1,team2,1,1199,16,2026-10-07T19:25:24Z
mp_custom_map_65,2,team2,83,1117,17,2026-10-07T19:44:10Z
mp_custom_map_29,1,team2,724,476,15,2026-10-07T19:52:54Z
mp_custom_map_29,2,team2,689,511,12,2026-10-07T20:01:30Z
mp_custom_map_20,1,team2,695,505,14,2026-10-07T20:10:39Z
mp_custom_map_20,2,team1,724,476,15,2026-10-07T20:18:41Z
mp_custom_map_20,3,team1,485,715,12,2026-10-07T20:30:43Z
mp_custom_map_13,1,team1,918,282,13,2026-10-07T20:36:09Z
mp_custom_map_13,2,team1,946,254,14,2026-10-07T20:40:30Z
mp_custom_map_61,1,team1,919,281,14,2026-10-07T20:45:57Z
mp_custom_map_61,2,team1,343,857,14,2026-10-07T21:00:21Z
mp_custom_map_45,1,team2,586,614,13,2026-10-07T21:11:21Z
mp_custom_map_45,2,team2,530,670,10,2026-10-07T21:22:37Z
mp_custom_map_57,1,team1,846,354,4,2026-10-07T21:29:18Z
mp_custom_map_57,2,team1,1171,29,2,2026-10-07T21:29:52Z
mp_custom_map_41,1,team1,999,201,1,2026-10-08T00:21:45Z
mp_custom_map_41,2,team1,1143,57,1,2026-10-08T02:02:08Z
mp_custom_map_58,1,team2,1014,186,2,2026-10-08T03:25:30Z
mp_custom_map_58,2,team2,1024,176,3,2026-10-08T03:28:31Z
mp_custom_map_2,1,team1,668,532,4,2026-10-08T03:38:09Z
mp_custom_map_9,1,team1,829,371,4,2026-10-08T03:45:06Z
mp_custom_map_54,1,team1,836,364,4,2026-10-08T03:51:57Z
mp_custom_map_5,1,team1,1072,128,3,2026-10-08T03:54:51Z
mp_custom_map_56,1,team1,1003,197,3,2026-10-08T03:58:54Z
mp_custom_map_21,1,team2,1176,24,1,2026-10-08T04:00:13Z
mp_custom_map_59,1,team1,1160,40,2,2026-10-08T04:04:26Z
mp_custom_map_8,1,team2,839,361,2,2026-10-08T04:15:43Z
mp_custom_map_51,1,team1,898,302,3,2026-10-08T11:15:15Z
mp_custom_map_59,1,team2,681,519,6,2026-10-08T11:24:41Z
mp_custom_map_49,1,team1,944,256,7,2026-10-08T11:29:43Z
mp_custom_map_50,1,team2,1023,177,3,2026-10-08T11:33:26Z
mp_custom_map_38,1,team1,1033,167,2,2026-10-08T11:37:09Z
mp_custom_map_5,1,team1,1079,121,1,2026-10-08T11:53:43Z
mp_custom_map_53,1,team1,982,218,2,2026-10-08T12:00:35Z
mp_custom_map_56,1,team1,1167,33,2,2026-10-08T12:20:21Z
mp_custom_map_62,1,team2,1103,97,2,2026-10-08T12:23:30Z
mp_custom_map_1,1,draw,1045,155,1,2026-10-08T12:32:56Z
mp_custom_map_32,1,team1,1023,177,2,2026-10-08T12:48:09Z
mp_custom_map_52,1,team2,1065,135,3,2026-10-08T12:56:55Z
mp_custom_map_42,1,team2,810,390,2,2026-10-08T13:04:14Z
mp_custom_map_4,1,team2,1150,50,2,2026-10-08T13:06:00Z
mp_custom_map_54,1,team2,1008,192,3,2026-10-08T13:11:46Z
mp_custom_map_40,1,team1,958,242,3,2026-10-08T13:16:35Z
mp_custom_map_58,1,team1,997,203,5,2026-10-08T13:20:44Z
mp_custom_map_2,1,team2,812,388,4,2026-10-08T13:28:03Z
mp_custom_map_41,1,team1,872,328,5,2026-10-08T13:34:17Z
mp_custom_map_45,1,team1,881,319,6,2026-10-08T13:40:20Z
mp_custom_map_8,1,team2,931,269,7,2026-10-08T13:45:33Z
mp_custom_map_43,1,team1,825,375,8,2026-10-08T13:52:32Z
mp_custom_map_44,1,team1,745,455,10,2026-10-08T14:00:51Z
mp_custom_map_21,1,team1,749,451,6,2026-10-08T14:09:07Z
mp_custom_map_60,1,team1,931,269,6,2026-10-08T14:14:24Z
mp_custom_map_48,1,team2,832,368,5,2026-10-08T14:21:19Z
