2026-09-26T12:39:39Z,1377350,mp_custom_map_13,bad,The_Great_3l3ctor
2026-09-26T17:49:23Z,413532,mp_custom_map_33,good,Tjena
2026-09-26T18:22:04Z,960735,mp_custom_map_10,good,Anna_Freud
2026-09-26T20:17:10Z,960735,mp_custom_map_22,good,Anna_Freud
2026-09-27T11:20:30Z,1377350,mp_custom_map_99,good,The_Great_3l3ctor
2026-09-27T11:20:42Z,1278,mp_custom_map_99,good,John_Pitcairn
2026-09-27T11:31:23Z,1377350,mp_custom_map_30,good,The_Great_3l3ctor
2026-09-27T17:23:06Z,2448725,mp_custom_map_10,bad,Captaine_Number1_Zombie
2026-09-28T12:50:51Z,454114,mp_custom_map_94,good,Commander_MAXSENSITIVITY
2026-09-28T14:17:16Z,1155624,mp_custom_map_12,good,z_orc
2026-09-29T14:34:39Z,1586350,mp_custom_map_39,bad,von_Hartstein
2026-09-29T14:36:01Z,1155624,mp_custom_map_39,bad,z_orc
2026-09-29T14:39:41Z,408438,mp_custom_map_39,good,hiyosilver
2026-09-29T15:47:33Z,277403,mp_custom_map_43,good,Bosh__
2026-09-30T17:47:21Z,960735,mp_custom_map_91,good,Anna_Freud
2026-09-30T18:11:17Z,960735,mp_custom_map_7,bad,Anna_Freud
2026-10-01T00:39:10Z,2365186,mp_custom_map_3,bad,Neuer_Spieler
